ano,minutos_en_10_kilometros_recorridos,velocidad_km/h
2022,39.7,15.113350125944583
2023,35.4,16.949152542372882
2024,34.0,17.647058823529413
2025,36.2,16.574585635359114
